id,condition_name,criterior,risk_problems,recommendation
1,High_Recyclable_Potential,"recycling_efficiency_score > -20 AND recyclable_recovery_momentum > -30 AND waste_segregation_quality > -0.10","Recycling metrics stable or slightly declining but significant room for improvement. Current segregation adequate foundation for expansion. Untapped recyclable materials likely in general waste. Revenue opportunity from increased recycling.","Conduct waste composition audit to quantify recyclables in general waste. Expand recycling categories if infrastructure allows (plastics #3-7, textiles, specialty materials). Pilot advanced segregation in high-performing areas first. Partner with recycling vendor for revenue share arrangement. Market the environmental and financial benefits internally."
2,Circular_Economy_Foundation,"circular_economy_score > -20 AND resource_recovery_potential > -50","Good foundation for circular economy initiatives. Material recovery systems partially functional. Opportunity to dramatically improve by closing material loops and increasing recovery rates.","Identify opportunities to use recovered materials internally or sell to other organizations. Establish partnerships for material exchanges. Implement 'design for recycling' principles in procurement. Create reverse logistics for packaging materials from suppliers. Consider establishing material recovery facility or partnership. Showcase circular success stories."
3,Construction_Waste_Gold_Mine,"construction_volume_impact > -100 AND construction_recycling_rate > -10 AND construction_waste_intensity < 5","Construction waste present but not excessive. Recycling rate stable. Significant value recovery opportunity - construction materials have high recycling value (metal, concrete aggregate, wood). Often overlooked revenue stream.","Establish dedicated construction waste segregation area with material-specific containers. Partner with specialized construction recyclers (metal, concrete, wood). Implement jobsite waste tracking with recycling goals. Salvage reusable materials for future projects. Calculate and communicate cost savings from diversion vs disposal. Consider deconstruction training for maintenance staff."
4,Organic_Value_Creation,"organic_diversion_score < 100 AND organic_processing_efficiency > -50","Moderate organic waste without established diversion. Opportunity to create value through composting or energy recovery. Organic waste is pure cost when landfilled but valuable resource when processed.","Business case analysis: compare disposal costs vs composting/energy recovery fees plus potential compost value. Pilot organic segregation in cafeteria or landscaping areas. Partner with local farms, community gardens, or composting facilities. If volume sufficient, consider on-site composting with finished compost for landscaping. Measure and publicize environmental benefits (landfill diversion, methane prevention)."
5,Energy_Recovery_Expansion,"energy_recovery_optimization > -30 AND waste_to_energy_conversion_rate > -5","Waste-to-energy infrastructure accessible and utilized. Opportunity to optimize and expand. Can divert significant waste from landfills while offsetting energy costs. Particularly valuable for non-recyclable combustibles.","Analyze waste composition for additional energy recovery potential. Optimize material preparation for energy facility specifications. Negotiate favorable rates or energy credit arrangements. Educate staff on what can/cannot go to energy recovery. Consider if suitable for heat/power generation on-site. Calculate and communicate environmental benefits vs landfill."
6,Electronic_Asset_Recovery,"electronic_stewardship_index > -20 AND electronic_waste_responsibility > -15","E-waste generation moderate and manageable. Opportunity to recover valuable materials and data security. E-waste contains precious metals, rare earths, and reusable components. Also represents data security risk requiring proper handling.","Establish certified e-waste partnership with asset recovery focus. Implement IT asset lifecycle management system. Evaluate refurbishment and resale programs for functional equipment. Consider donation programs for usable electronics (tax benefits). Ensure data destruction certification. Track material recovery value. Consider equipment leasing to transfer end-of-life responsibility."
7,Zero_Waste_Achievability,"zero_waste_progress_score > 20 AND diversion_rate_improvement > 5","Strong positive momentum toward zero waste. All key metrics improving. Opportunity to achieve zero waste certification or similar recognition. Can become model for other facilities or industry.","Set ambitious zero waste goal (90%+ diversion) with timeline. Identify remaining waste streams and develop specific diversion strategies. Pursue zero waste certification through USGBC or TRUE. Document journey for case study and marketing. Establish partnerships to handle difficult waste streams. Create zero waste taskforce to maintain momentum and problem-solve barriers."
8,Segregation_Excellence_Building,"waste_segregation_quality > 0.10 AND contamination_risk_index < -0.05","Segregation quality improving significantly. Low contamination risk. Indicates staff engagement and effective infrastructure. Opportunity to become best-in-class and expand program.","Recognize and reward high-performing areas/teams. Document best practices for replication. Expand successful segregation models to additional areas. Pilot new waste categories with engaged population first. Use success stories in training. Consider peer-to-peer education programs. Measure and share both environmental and cost benefits."
9,Hazardous_Minimization_Progress,"hazardous_risk_score > 30 AND hazardous_compliance_index > 15","Hazardous waste successfully declining. Compliance strong. Opportunity to achieve near-zero hazardous waste through material substitution and process optimization. Reduces risk, costs, and regulatory burden.","Systematic review of all hazardous material use for substitution opportunities (green chemistry, safer alternatives). Optimize processes to reduce hazardous waste generation. Implement closed-loop systems for hazardous materials. Share successful substitutions across departments. Pursue environmental excellence awards. Reduce hazardous waste storage and handling costs."
10,Waste_Prevention_Leadership,"waste_prevention_effectiveness > 100 AND waste_intensity_improvement > 10","Excellent source reduction performance. Waste prevented at source is most effective strategy. Opportunity to embed prevention culture and become industry leader.","Document and share prevention success stories and ROI. Integrate waste prevention into design, procurement, and operational processes. Train staff on prevention hierarchy (reduce first, then reuse, recycle). Establish waste prevention metrics in performance reviews. Pursue awards and recognition for prevention leadership. Consider offering prevention workshops to industry peers or community."
11,Landfill_Diversion_Excellence,"landfill_diversion_success > 100 AND overall_waste_reduction_rate > 50","Outstanding landfill diversion performance. Multiple strategies working effectively. Opportunity for significant cost reduction through reduced disposal, potential revenue from recovered materials.","Calculate and communicate full financial benefit (avoided disposal costs + material revenue + environmental value). Negotiate better rates with vendors based on low-contamination, high-volume. Explore additional revenue opportunities (compost sales, material processing for others). Use metrics for sustainability reporting and marketing. Share learnings through industry associations or publications."
12,Sustainable_Material_Flow_Mastery,"sustainable_material_flow > 30 AND total_environmental_impact_score > 40","Excellent performance across all material sustainability metrics. Balanced improvement in reduction, recovery, and impact minimization. Opportunity to establish as sustainability leader and model program.","Pursue sustainability certifications and awards (LEED, ISO 14001, B-Corp, etc.). Create case studies for marketing and recruitment. Offer facility tours and workshops to industry peers. Develop sustainability report highlighting waste management achievements. Engage with policy makers on waste management best practices. Consider academic partnerships for research on waste management innovation."
13,Recycling_Revenue_Optimization,"recycling_efficiency_score > 50 AND recyclable_recovery_momentum > 80","Strong recyclable recovery with positive momentum. High-quality segregation likely generating material revenue. Opportunity to optimize revenue through better contracts, material preparation, or market timing.","Negotiate revenue-sharing arrangements with recycling vendors based on volume and quality. Investigate direct marketing of high-value materials (metals, electronics). Implement quality controls to maximize material value. Explore hedging strategies for commodity recyclables. Consider baling or processing equipment if volume justifies. Track market prices and optimize timing for contract renewals."
14,Organic_Nutrient_Recovery,"organic_processing_efficiency > 80 AND organic_diversion_score < -50","Excellent organic waste reduction and processing. Opportunity to close nutrient loop through composting and beneficial reuse. Creates valuable soil amendment while preventing methane emissions.","Develop high-quality compost program with end-use strategy (landscaping, gardens, community programs). Test compost quality and market to landscaping contractors or garden centers. Partner with urban agriculture initiatives. Create closed-loop with food service (food waste → compost → gardens → food). Quantify and communicate carbon benefits of composting vs landfilling."
15,Special_Waste_Excellence,"special_waste_handling_score > 40 AND bio_safety_improvement > 20","Exemplary handling of hazardous, bio-hazardous, and electronic waste. Low risk, strong compliance. Opportunity to reduce costs and liability through program optimization and certification.","Pursue safety and environmental management certifications (ISO 14001, 45001). Develop training programs that can be offered to industry peers. Optimize special waste storage to minimize holding costs. Negotiate improved rates based on excellent compliance record. Consider providing special waste consulting services to others. Document procedures for industry best practice sharing."
16,Waste_Intensity_Optimization,"waste_intensity_improvement > 15 AND overall_waste_reduction_rate > 100","Significant improvement in waste intensity (waste per unit of activity/revenue). Opportunity to improve operational efficiency and profitability. Lower waste intensity indicates better resource utilization.","Analyze correlation between waste reduction and other efficiency metrics (energy, water, productivity). Integrate waste intensity into operational dashboards and scorecards. Benchmark against industry standards and competitors. Use improved intensity as proof point for operational excellence. Consider linking waste intensity to management incentives. Share best practices across organization."
17,Construction_Circular_Model,"construction_recycling_rate > 15 AND construction_volume_impact > 200","High construction waste volumes with strong recycling performance. Opportunity to create exemplary construction waste management model. Construction industry lags in circular economy - leadership opportunity.","Establish construction material reuse depot for salvaged materials. Create database of salvageable materials for future projects. Develop deconstruction expertise vs demolition. Partner with social enterprises (Habitat ReStore, etc.) for material donation. Require contractor waste diversion metrics in RFPs. Pursue green building certifications highlighting waste management. Share model with industry."
18,Contamination_Prevention_Success,"contamination_risk_index < -0.15 AND recyclable_contamination_alert < -0.05","Very low contamination rates in recyclable streams. High-quality segregation. Opportunity to expand program and share best practices. Low contamination reduces processing costs and increases material value.","Document infrastructure design, signage, and training approaches for replication. Expand to additional material categories with confidence. Offer tours and training to other organizations. Use low contamination to negotiate premium pricing with recyclers. Create contamination prevention training program for industry. Submit for recycling excellence awards."
19,Bio_Hazardous_Elimination,"bio_safety_improvement > 30 AND hazardous_volume_intensity < -3","Significant reduction in bio-hazardous waste. Reduced risk and cost. Opportunity to achieve near-zero bio-hazardous waste through process optimization and substitution.","Review all bio-hazardous waste sources for elimination opportunities. Implement micro-treatment at source where possible. Optimize segregation to ensure only truly bio-hazardous material classified as such. Share successful strategies across similar facilities. Reduce bio-hazardous waste storage, handling, and disposal costs. Improve workplace safety metrics related to bio-hazardous materials."
20,Material_Flow_Transparency,"diversion_rate_improvement > 8 AND total_environmental_impact_score > 30","Strong improvement in waste diversion and environmental impact. High-quality data and tracking. Opportunity to create transparent material flow reporting for stakeholders.","Develop comprehensive material flow visualization (Sankey diagrams). Create public-facing sustainability dashboard. Use data for ESG reporting and investor relations. Establish material flow KPIs for leadership dashboards. Compare performance to industry benchmarks and leaders. Share data through sustainability networks and ratings agencies (CDP, GRESB, etc.). Consider blockchain or other transparency technologies for supply chain."
21,Cross_Category_Synergies,"circular_economy_score > 40 AND sustainable_material_flow > 25","Success across multiple waste categories. Opportunity to identify synergies and integrated solutions. Holistic approach can amplify benefits and create innovation opportunities.","Map material flows to identify cross-category opportunities (e.g., using cardboard for packaging internal shipments, compost for landscaping). Establish material exchange bulletin board. Create waste management innovation team to brainstorm synergies. Partner with other organizations for material swaps. Explore industrial symbiosis opportunities. Consider co-locating with complementary facilities."
22,Rapid_Improvement_Momentum,"zero_waste_progress_score > 40 AND landfill_diversion_success > 120","Exceptional rate of improvement across multiple metrics. Strong organizational commitment and execution. Opportunity to accelerate further and achieve breakthrough performance.","Invest in success - allocate additional resources to accelerate momentum. Expand successful pilot programs rapidly. Increase ambition of goals while momentum strong. Recognize and reward teams driving improvement. Share success stories widely to inspire others. Use momentum to implement changes that were previously considered difficult. Consider bold innovations (on-site processing, advanced technologies)."
23,Procurement_Leverage,"waste_prevention_effectiveness > 80 AND resource_recovery_potential > 0","Strong waste prevention indicates procurement influence. Opportunity to systematically integrate waste considerations into purchasing decisions. Upstream intervention most effective for waste prevention.","Develop sustainable procurement policy with waste prevention criteria. Require suppliers to minimize packaging and take back materials. Prefer products designed for durability, repair, and recycling. Implement total cost of ownership including disposal costs. Create preferred supplier list based on waste performance. Partner with suppliers on packaging optimization. Consider leasing vs ownership for problem materials."
24,Staff_Engagement_Success,"waste_segregation_quality > 0.15 AND recycling_efficiency_score > 40","High segregation quality indicates strong staff engagement. Engaged staff are foundation of successful waste programs. Opportunity to expand engagement and create culture of sustainability.","Establish green team or sustainability champions network. Create gamification or competitions between departments. Implement suggestion program for waste reduction ideas. Provide sustainability training for all staff during onboarding. Celebrate successes and recognize contributors. Link organizational values to environmental performance. Conduct staff sustainability survey to maintain pulse on engagement."
25,Data_Driven_Optimization,"waste_intensity_improvement > 12 AND diversion_rate_improvement > 6","Strong metrics indicate good data tracking and data-driven decision making. Opportunity to enhance data systems and advanced analytics for continuous optimization.","Implement real-time waste tracking dashboard for operations. Use IoT sensors for bin fill-levels and optimization. Apply machine learning to predict waste generation and optimize collection. Create automated reporting for regulatory compliance. Benchmark data against industry standards. Use data visualization to communicate performance. Establish data governance for waste metrics. Consider waste data platform or partnership."