id,condition_name,criterior,risk_problems,recommendation
1,Critical_Hazardous_Increase,"hazardous_risk_score < -50 AND hazardous_compliance_index < -20","Hazardous and bio-hazardous waste volumes increasing significantly (>50kg). High non-compliance risk with environmental regulations. Potential fines, operational shutdowns, and serious environmental/health incidents.","Immediate audit of hazardous material usage and storage practices. Implement strict inventory controls and material substitution program. Engage certified hazardous waste contractor for emergency assessment. Consider management system certification (ISO 14001)."
2,General_Waste_Trend_Rising,"overall_waste_reduction_rate < -200 AND general_waste_minimization < -100","Total waste generation increasing by >200kg with general waste rising >100kg. Indicates systematic breakdown in waste management. Rising operational costs and environmental footprint. May signal process inefficiencies or lack of staff awareness.","Conduct comprehensive waste audit to identify major sources. Review operational changes in recent period. Implement immediate waste tracking and measurement systems. Schedule staff training on waste segregation and reduction. Set departmental waste reduction targets."
3,Recycling_Program_Deterioration,"recycling_efficiency_score < -80 AND waste_segregation_quality < -0.15","Recyclable waste decreasing while general waste increasing significantly. Segregation quality dropping 15+ percentage points. Suggests recycling program collapse or contamination issues. Lost revenue from recyclables and increased disposal costs.","Investigate cause of recycling program breakdown - check if collection infrastructure removed, contractor issues, or staff behavior change. Re-establish clear segregation stations with signage. Conduct refresher training. Consider incentive programs for proper segregation."
4,Construction_Waste_Surge,"construction_volume_impact < -300 AND construction_waste_intensity > 10","Construction waste increased >200kg with intensity rising >10%. May indicate new construction projects without waste management plans. High disposal costs and potential regulatory scrutiny for construction waste handling.","Require waste management plans for all construction projects. Mandate segregation of construction materials (metal, wood, concrete, drywall). Identify local recyclers for construction materials. Consider deconstruction vs demolition approaches. Track by project for accountability."
5,Electronic_Waste_Accumulation,"electronic_stewardship_index < -30 AND special_waste_handling_score < -25","E-waste increasing >30% while special waste handling deteriorating. Suggests equipment upgrades without proper disposal planning. Risk of toxic material leaching and data security breaches from improper e-waste disposal.","Establish electronics lifecycle management policy. Partner with certified e-waste recyclers offering data destruction. Implement asset tracking for electronics. Consider equipment leasing vs ownership. Evaluate repair and refurbishment options before disposal."
6,Organic_Waste_Escalation,"organic_diversion_score > 150 AND organic_processing_efficiency < -100","Organic waste increasing >150kg without corresponding energy recovery increase. Missed composting/energy recovery opportunities. High methane emissions if landfilled. Wasted resource that could generate value through composting or energy.","Investigate organic waste sources (food service, landscaping, packaging). Implement organic waste segregation program. Explore partnerships with composting facilities or farms. Consider on-site composting for landscaping waste. Evaluate food waste reduction opportunities in cafeterias."
7,Zero_Waste_Regression,"zero_waste_progress_score < -50 AND diversion_rate_improvement < -8","Overall zero waste metrics declining significantly. Diversion rate dropped >8 percentage points. Indicates major setback in sustainability goals. May impact corporate sustainability commitments, certifications, or stakeholder expectations.","Emergency review of waste management program with senior leadership. Benchmark against previous successful periods to identify changes. Re-establish waste reduction taskforce with cross-functional representation. Review and update sustainability goals with realistic timelines and resources."
8,Hazardous_Volume_Intensity_Rising,"hazardous_volume_intensity > 5 AND bio_safety_improvement < -20","Hazardous waste becoming larger proportion of total waste (>5 ppt increase). Bio-hazardous waste increasing >20%. High-risk situation requiring immediate attention. Potential workplace safety incidents and regulatory violations.","Conduct immediate safety assessment of hazardous material handling practices. Review all bio-hazardous waste generation processes for containment. Ensure proper training for all staff handling hazardous materials. Audit hazardous waste storage areas for compliance. Consider process changes to eliminate hazardous material use where possible."
9,Contamination_Crisis,"contamination_risk_index > 0.5 AND recyclable_contamination_alert > 0.08","Severe contamination of recyclable streams. General waste/recyclable ratio deteriorating rapidly. Risk of recycling program rejection by contractors. May force all waste to landfill, dramatically increasing costs and environmental impact.","Immediately inspect recycling collection points for contamination sources. Install contamination monitoring and feedback system. Place 'contamination spotters' to identify problem areas/times. Simplify recycling categories if confusion exists. Consider temporary suspension and relaunch with intensive education campaign."
10,Waste_Prevention_Failure,"waste_prevention_effectiveness < -200 AND waste_intensity_improvement < -15","Source reduction failing across multiple categories. Waste intensity increasing >15%. Indicates fundamental failure in waste prevention strategy. Prevention is most cost-effective approach - failure here multiplies downstream costs.","Root cause analysis of waste generation drivers. Map waste to specific processes and products. Engage procurement to identify source reduction opportunities (bulk purchasing, reusable packaging). Implement waste prevention metrics in operational KPIs. Consider industrial ecology approaches and by-product synergies with other facilities."
11,Landfill_Dependency_Increasing,"landfill_diversion_success < -150 AND overall_waste_reduction_rate < -100","Landfilled waste increasing significantly. Failed diversion programs. Growing dependency on landfills increases cost risk (rising disposal fees) and environmental impact. May conflict with corporate sustainability commitments or regulatory requirements.","Develop comprehensive diversion strategy addressing all waste streams. Assess current infrastructure gaps (composting, recycling, energy recovery access). Establish vendor relationships for specialized waste streams. Set aggressive diversion targets with accountability. Consider waste-to-energy or advanced recycling technologies."
12,Multi_Category_Degradation,"total_environmental_impact_score < -60 AND sustainable_material_flow < -40","Environmental impact deteriorating across multiple waste categories. Sustainable material flow declining significantly. Systemic failure in waste management program. High risk of regulatory non-compliance, reputational damage, and cost escalation.","Declare waste management emergency requiring executive attention. Conduct third-party waste management system audit. Allocate emergency resources and staffing for program rebuild. Establish waste management steering committee with executive sponsor. Consider external waste management consulting support for system redesign."
13,Recyclable_Recovery_Collapse,"recyclable_recovery_momentum < -100 AND circular_economy_score < -80","Recyclable collection declining >50kg while non-recyclable waste increasing. Circular economy metrics failing. Indicates reversed progress on material recovery. Lost revenue, increased costs, and failure to meet sustainability goals.","Investigate systemic barriers to recycling (access, convenience, knowledge). Expand recycling infrastructure to high-traffic areas. Implement 'make recycling easy' principles. Partner with recycling vendor for staff education. Consider deposit/rebate programs for high-value recyclables. Publicize recycling success stories to rebuild momentum."
14,Energy_Recovery_Underutilization,"energy_recovery_optimization < -50 AND organic_to_energy_conversion_rate < -10","Waste-to-energy utilization declining while suitable feedstock (organic) increasing. Missed opportunity to offset energy costs and reduce landfill dependency. May indicate infrastructure access issues or operational knowledge gaps.","Assess waste-to-energy facility access and capacity. Evaluate if organics meeting feedstock specifications. Optimize collection and transportation logistics. Calculate ROI of dedicated organic-to-energy stream. Partner with energy recovery facilities for technical guidance on feedstock preparation."
15,Special_Waste_Crisis,"special_waste_handling_score < -60 AND hazardous_compliance_index < -25","Multiple special waste categories (hazardous, e-waste, bio-hazardous) increasing significantly. Compliance risk extremely high. Potential for serious incidents, regulatory violations, and operational liability. Requires immediate executive attention.","Emergency convening of safety, operations, and environmental leadership. Immediate third-party compliance audit. Engage specialized hazardous waste consultants. Review all permits and ensure regulatory compliance. Implement enhanced training and certification programs for staff handling special waste. Consider dedicated special waste coordinator role."
16,Segregation_System_Breakdown,"waste_segregation_quality < -0.20 AND contamination_risk_index > 0.35","Waste segregation quality catastrophically declining (>20 percentage points). High contamination across streams. Fundamental failure of waste management infrastructure or user behavior. Risk of complete recycling program failure and contractor rejection.","Complete reset of segregation system required. Conduct user research to understand barriers. Redesign bin infrastructure for intuitive use (color coding, size, placement). Implement 'closed loop' feedback showing contamination impacts. Station monitors during transition period. Consider phased rollout by building/area with intensive support."
17,Construction_Impact_Uncontrolled,"construction_volume_impact < -400 AND construction_recycling_rate < -15","Major construction waste increase (>300kg) with declining recycling rate. Uncontrolled construction waste generation. High disposal costs, potential permit violations, and missed material recovery value (metals, concrete, wood).","Mandate pre-project waste management plans with diversion targets. Require contractor waste tracking and reporting. Establish approved hauler list for construction recycling. Create economic incentives for diversion (charge back disposal, reward recycling). Consider LEED or green building requirements for all projects."
18,Organic_Methane_Risk,"organic_diversion_score > 200 AND overall_waste_reduction_rate < -150","Organic waste surging >150kg without diversion infrastructure. If landfilled, generates potent methane greenhouse gas. Missed compost/energy value. Indicates food service, landscaping, or packaging changes without waste planning.","Immediately segregate organics from general waste to prevent methane generation. Emergency partnership with composting or anaerobic digestion facility. Source reduction focus: food waste prevention, menu planning, portion control if cafeteria. Consider on-site dehydration or grinding to reduce volume and improve handling. Evaluate packaging alternatives."
19,Total_Volume_Explosion,"overall_waste_reduction_rate < -300 AND waste_intensity_improvement < -25","Catastrophic increase in total waste generation (>300kg). Waste intensity deteriorating >25%. Crisis-level situation indicating major operational changes without waste management consideration. Extreme cost, environmental, and compliance risks.","Immediate investigation required - identify operational or business changes causing waste surge. Executive briefing on magnitude and implications. Allocate emergency budget for waste management intervention. Fast-track implementation of all feasible reduction measures. Consider if temporary surge (project-based) or permanent shift requiring new infrastructure and processes. May require capital investment in waste handling equipment."
20,Gradual_Multi_Metric_Decline,"zero_waste_progress_score < -30 AND sustainable_material_flow < -25 AND diversion_rate_improvement < -5","Multiple metrics showing moderate but consistent negative trends. 'Death by a thousand cuts' scenario. May not trigger individual alarms but indicates systemic degradation. Often caused by leadership attention shift, staff turnover, or program funding cuts.","Re-establish waste management program visibility and priority. Refresh training programs for new staff. Audit infrastructure for maintenance needs (broken bins, missing signage). Reinvigorate waste reduction champions network. Communicate waste performance trends to build urgency. Reconnect waste management to organizational values and sustainability commitments."